{"_step":0,"mAP50-95_M_":0.38842,"test/mAP50-95_M_":0.1492318026153244,"runtime":"10m 21s","iterations":80,"_timestamp":1.7798991286752486e+09,"_wandb":{"runtime":0},"_runtime":0}