{"test_metrics_mAP50_95_M":0.45499999999999996,"test_metrics_recall_B":0.4,"test_metrics_recall_M":0.4,"test_metrics_precision_B":0.9787811334370985,"test_fitness":0.9099999999999999,"_timestamp":1.7817309013256514e+09,"test_metrics_mAP50_95_B":0.45499999999999996,"test_metrics_mAP50_B":0.4664285714285714,"test_metrics_mAP50_M":0.4664285714285714,"test_metrics_precision_M":0.9787811334370985,"_step":0,"_wandb":{"runtime":0},"_runtime":0}