{"test_metrics_mAP50_95_M":0.05369311344372919,"_wandb":{"runtime":0},"test_metrics_mAP50_B":0.15134282173728245,"test_metrics_recall_B":0.23548387096774193,"test_metrics_precision_B":0.3368826978880884,"test_metrics_mAP50_95_B":0.07554493629020675,"test_metrics_recall_M":0.1967741935483871,"_runtime":0,"_step":0,"test_metrics_precision_M":0.28150472015306016,"test_fitness":0.12923804973393593,"test_metrics_mAP50_M":0.1197476136602874,"_timestamp":1.7817896111297183e+09}