{"runtime":102.65555047988892,"_timestamp":1.7797206820307834e+09,"_step":0,"_wandb":{"runtime":0},"_runtime":0,"mAP50-95_M_":0.02581,"test/mAP50-95_M_":1.3751020911040971e-05}