{"test_metrics_mAP50_M":0.45832872928176793,"test_metrics_recall_M":0.281742876112474,"_timestamp":1.7817207318364172e+09,"_runtime":0,"_step":0,"test_metrics_precision_B":1,"test_metrics_mAP50_95_B":0.31847188034242224,"test_metrics_recall_B":0.281742876112474,"test_metrics_precision_M":1,"test_fitness":0.7763893040511248,"_wandb":{"runtime":0},"test_metrics_mAP50_95_M":0.4579174237087026,"test_metrics_mAP50_B":0.4595511451293996}