{"iterations":120,"_timestamp":1.7817197003916943e+09,"_step":0,"mAP50-95_M_":0.56936,"test/mAP50-95_M_":0.13551601290175003,"_wandb":{"runtime":0},"_runtime":0,"runtime":"129m 17s"}