{"_timestamp":1.7802498196273377e+09,"_step":0,"mAP50-95_M_":0.5838,"test/mAP50-95_M_":0.44164911119115846,"_wandb":{"runtime":0},"_runtime":0,"runtime":"1146m 18s","iterations":200}