{"_step":0,"_wandb":{"runtime":0},"_runtime":0,"mAP50-95_M_":0.03257,"test/mAP50-95_M_":9.15459671631967e-06,"runtime":"1m 55s","_timestamp":1.7797227388563077e+09}