{"_timestamp":1.7822838938570752e+09,"_wandb":{"runtime":0},"_runtime":0,"_step":0,"mAP50-95_M_":0.52427,"test/mAP50-95_M_":0.07367787478608402,"runtime":"717m 14s","iterations":80}