{"_step":0,"mAP50-95_M_":0.04018,"test/mAP50-95_M_":0.008862843429235743,"runtime":"4m 40s","iterations":150,"_timestamp":1.7798991226261578e+09,"_wandb":{"runtime":0},"_runtime":0}