{"test_metrics_precision_B":0.44986231628258305,"_step":0,"test_metrics_mAP50_95_B":0.33824619792132893,"test_fitness":0.7331705696597203,"_timestamp":1.7817203450388384e+09,"test_metrics_recall_B":0.5,"test_metrics_mAP50_B":0.4499428569958371,"test_metrics_precision_M":0.44986231628258305,"test_metrics_recall_M":0.5,"_wandb":{"runtime":0},"_runtime":0,"test_metrics_mAP50_M":0.44266152256219626,"test_metrics_mAP50_95_M":0.39492437173839134}