{"_step":0,"_wandb":{"runtime":0},"_runtime":0,"mAP50-95_M_":0.37333,"test/mAP50-95_M_":0.13668119460099823,"runtime":"1596m 58s","iterations":60,"_timestamp":1.7798376533665848e+09}