{"metrics_precision_B":0.00111,"val_box_loss":0.24443,"test_metrics_mAP50_95_M":1.4833348967353878e-05,"test_fitness":2.0162286111502733e-05,"timestamp":1779713034,"metrics_mAP50_95_M":0.03475,"test_metrics_recall_B":0.00967741935483871,"metrics_mAP50_B":0.085,"epoch":2,"done":true,"metrics_recall_M":0.5,"time_since_restore":44.64920353889465,"metrics_recall_B":0.5,"val_sem_loss":0,"time_total_s":44.64920353889465,"_wandb":{"runtime":2},"metrics_mAP50_95_B":0.02706,"test_metrics_precision_B":0.00025,"time_this_iter_s":2.620314836502075,"test_metrics_mAP50_B":1.6891891891891892e-05,"iterations_since_restore":2,"test_metrics_mAP50_95_B":5.328937144148854e-06,"test_metrics_recall_M":0.03870967741935484,"val_seg_loss":0.84262,"training_iteration":2,"test_metrics_mAP50_M":4.736679242520265e-05,"_step":0,"val_dfl_loss":0.04734,"_timestamp":1.7797130918660529e+09,"metrics_mAP50_M":0.085,"val_cls_loss":14.58892,"metrics_precision_M":0.00111,"pid":333883,"_runtime":2,"test_metrics_precision_M":0.001}