{"iterations":60,"_timestamp":1.7797399959431438e+09,"_step":0,"mAP50-95_M_":0.3153,"test/mAP50-95_M_":0.13564983411209125,"_wandb":{"runtime":0},"_runtime":0,"runtime":"186m 22s"}