{"_runtime":0,"_wandb":{"runtime":0},"_step":0,"mAP50-95_M_":0.12662,"test/mAP50-95_M_":0.5683847998290201,"runtime":"1549m 15s","iterations":50,"_timestamp":1.7798531529370532e+09}