{"_timestamp":1.7821435281680994e+09,"_step":0,"mAP50-95_M_":0.02799,"_wandb":{"runtime":0},"_runtime":0,"test/mAP50-95_M_":0.0006923169562678998,"runtime":"1m 5s","iterations":120}