{"iterations":150,"_timestamp":1.7799801901438625e+09,"_step":0,"mAP50-95_M_":0.53378,"test/mAP50-95_M_":0.018986892380947872,"_wandb":{"runtime":0},"_runtime":0,"runtime":"941m 25s"}