{"test/mAP50-95_M_":1.365841702410076e-05,"_wandb":{"runtime":0},"_runtime":0,"runtime":73.82493281364441,"_timestamp":1.779722434508676e+09,"_step":0,"mAP50-95_M_":0.03029}