{"_runtime":0,"_timestamp":1.782110232650816e+09,"_step":0,"mAP50-95_M_":0.62964,"test/mAP50-95_M_":0.043600848459278904,"runtime":"6792m 56s","iterations":120,"_wandb":{"runtime":0}}