{"test/mAP50-95_M_":0.02707903183744202,"runtime":"929m 37s","iterations":200,"_timestamp":1.781758342441276e+09,"_step":0,"_wandb":{"runtime":0},"_runtime":0,"mAP50-95_M_":0.58308}