{"mAP50-95_M_":0.04918,"test/mAP50-95_M_":0.5016659480488156,"runtime":"149m 53s","iterations":120,"_timestamp":1.7817115615487988e+09,"_step":0,"_wandb":{"runtime":0},"_runtime":0}