{"mAP50-95_M_":0.02929,"_wandb":{"runtime":0},"_runtime":0,"test/mAP50-95_M_":1.70320879442846e-05,"runtime":181.16986680030823,"_timestamp":1.77972027282832e+09,"_step":0}