{"_timestamp":1.7801932030412102e+09,"_step":0,"mAP50-95_M_":0.28691,"test/mAP50-95_M_":0.9949999999999999,"_runtime":0,"_wandb":{"runtime":0},"runtime":"4490m 56s","iterations":80}