{"_step":0,"mAP50-95_M_":0.78777,"test/mAP50-95_M_":0.3742045454545455,"runtime":"2543m 32s","_wandb":{"runtime":0},"_runtime":0,"iterations":200,"_timestamp":1.7803314163487859e+09}