{"runtime":"83m 23s","iterations":120,"_timestamp":1.782247141283021e+09,"_step":0,"mAP50-95_M_":0.53068,"test/mAP50-95_M_":0.13273513896155564,"_wandb":{"runtime":0},"_runtime":0}