{"test_metrics_mAP50_B":1.6103907130597812e-05,"test_metrics_precision_M":0.0009166666666666666,"_runtime":0,"test_metrics_precision_B":0.0003333333333333333,"test_metrics_recall_M":0.035483870967741936,"test_fitness":1.612982686600156e-05,"_timestamp":1.7797155227497926e+09,"test_metrics_mAP50_M":4.056668579117579e-05,"_step":0,"test_metrics_mAP50_95_B":3.7706086386374306e-06,"test_metrics_mAP50_95_M":1.235921822736413e-05,"test_metrics_recall_B":0.012903225806451613,"_wandb":{"runtime":0}}