{"test/mAP50-95_M_":0.47025379935953315,"runtime":"82m 26s","_wandb":{"runtime":0},"_runtime":0,"iterations":80,"_timestamp":1.7822471386665106e+09,"_step":0,"mAP50-95_M_":0.06084}