{"mAP50-95_M":0.39826,"_wandb":{"runtime":2},"_runtime":2,"mAP50_M":0.71395}