{"test_metrics_precision_M":0.32841225340654756,"_runtime":0,"test_metrics_precision_B":0.32841225340654756,"test_metrics_mAP50_B":0.08166666666666667,"test_fitness":0.05733333333333333,"_timestamp":1.781752785887159e+09,"test_metrics_recall_B":0.25,"_wandb":{"runtime":0},"test_metrics_mAP50_M":0.12333333333333334,"test_metrics_recall_M":0.25,"test_metrics_mAP50_95_M":0.041,"_step":0,"test_metrics_mAP50_95_B":0.01633333333333333}