{"_step":0,"mAP50-95_M_":0.56265,"test/mAP50-95_M_":0.3414579976084896,"runtime":"1232m 46s","iterations":80,"_timestamp":1.779973310513228e+09,"_wandb":{"runtime":0},"_runtime":0}